Save cover image as,Title,Slot(s)
covers/1.jpg,18 Fatal Strikes,1
covers/2.jpg,Animal House,2
covers/3.jpg,Bodyguard From Beijing,3
covers/4.jpg,The Bourne Identity,4
covers/5.jpg,Breaking Away,5
covers/6.jpg,Bulletproof Monk,6
covers/7.jpg,Charlie's Angels,7
covers/8.jpg,City Hunter,8
covers/9.jpg,Clash of the Titans,9
covers/10.jpg,Cradle 2 The Grave,10
covers/11.jpg,Crouching Tiger Hidden Dragon,11
covers/12.jpg,Die Another Day,12-13
covers/14.jpg,Duel to the Death,14
covers/15.jpg,Eastern Condors,15
covers/16.jpg,Fist of Fury,16
covers/17.jpg,Fist of the Red Dragon,17
covers/18.jpg,Full Contact,18
covers/19.jpg,Goodfellas,19
covers/20.jpg,Great Martial Arts Movies,20
covers/21.jpg,Heart of Dragon,21
covers/22.jpg,Hero,22
covers/23.jpg,Hong Kong 1941,23
covers/24.jpg,I-Spy,24
covers/25.jpg,Indiana Jones and the Last Crusade,25
covers/26.jpg,Indiana Jones and the Raiders of the Lost Ark,26
covers/27.jpg,Indiana Jones and the Temple of Doom,27
covers/28.jpg,Indiana Jones Bonus Material,28
covers/29.jpg,Indiana Jones and the Crystal Skull,29
covers/30.jpg,Independence Day,30
covers/31.jpg,In Love and War,31
covers/32.jpg,In the Line of Duty 4,32
covers/33.jpg,Iron Man,33
covers/34.jpg,K-19: The Widowmaker,34
covers/35.jpg,Kill Bill: Vol. 1,35
covers/36.jpg,Knight and Day,36
covers/37.jpg,Kung Fu of 8 Drunkards Vol. 13,37
covers/38.jpg,Kung Fu Master,38
covers/39.jpg,Lara Croft: Tomb Raider,39
covers/40.jpg,Last Hero in China,40
covers/41.jpg,Legend of the Red Dragon,41
covers/42.jpg,Legends of the Fall,42
covers/43.jpg,Master with Cracked Fingers,43
covers/44.jpg,Magnificent Warriors,44
covers/45.jpg,Men in Black,45
covers/46.jpg,Men In Black II,46
covers/47.jpg,Minority Report,47-48
covers/49.jpg,Mystic River,49
covers/50.jpg,"Ocean's 11, Ocean's Eleven",50
covers/51.jpg,"Ocean's Twelve, Ocean's Thirteen",51
covers/52.jpg,Operation: Wolverine,52
covers/53.jpg,Pearl Harbor,53
covers/54.jpg,Pearl Harbor - Disc 2 Bonus Material,54
covers/55.jpg,Point of No Return,55
covers/56.jpg,Practical Magic,56
covers/57.jpg,Proximity,57
covers/58.jpg,Python,58
covers/59.jpg,Romeo Must Die,59
covers/60.jpg,Rumble in Hong Kong,60
covers/61.jpg,Saving Private Ryan,61-62
covers/63.jpg,Shaolin Chastity Kung Fu,63
covers/64.jpg,She's The One,64
covers/65.jpg,Showtime,65
covers/66.jpg,Starsky & Hutch,66
covers/67.jpg,Tales of the Kama Sutra,67
covers/68.jpg,The Corruptor,68
covers/69.jpg,The Eastern Heroes Collection,69
covers/70.jpg,The Guns of Navarone,70
covers/71.jpg,The Incredible Hulk Returns,71
covers/72.jpg,The Last Samurai,72-73
covers/74.jpg,The Matrix Reloaded,74
covers/75.jpg,The Matrix Revolutions,75
covers/76.jpg,The Medallion,76
covers/77.jpg,The Mummy,77-78
covers/79.jpg,The Scorpion King,79
covers/80.jpg,The Stomp,80
covers/81.jpg,The Trial of the Incredible Hulk,81
covers/82.jpg,The Viking,82
covers/83.jpg,Transformers,83
covers/101.jpg,101 Dalmatians,101
covers/102.jpg,101 Dalmatians II,102
covers/103.jpg,Aladdin,103-104
covers/105.jpg,American Legends,105
covers/106.jpg,Aristocats,106
covers/107.jpg,Bambi,107-108
covers/109.jpg,Beauty and the Beast,109-110
covers/111.jpg,Brother Bear,111-112
covers/113.jpg,Chicken Little,113
covers/114.jpg,Classic Holiday Stories,114
covers/115.jpg,Cinderella,115-116
covers/117.jpg,Cinderella II,117
covers/118.jpg,Dinosaur,118-119
covers/120.jpg,Fantasia,120
covers/121.jpg,Fantasia 2000,121
covers/122.jpg,Fantasia Legacy,122
covers/123.jpg,Fun and Fancy Free,123
covers/124.jpg,Hercules,124
covers/125.jpg,Lady and the Tramp,125
covers/126.jpg,Lady and the Tramp II,126
covers/127.jpg,Lilo & Stitch,127
covers/128.jpg,Lion King,128-129
covers/130.jpg,Lion King II Simba's Pride,130
covers/131.jpg,Melody Time,131
covers/132.jpg,Mickey's Once Upon A Christmas,132
covers/133.jpg,Mulan,133
covers/134.jpg,Mulan II,134
covers/135.jpg,Peter Pan,135
covers/136.jpg,Peter Pan in Return to Never Land,136
covers/137.jpg,Pinocchio,137
covers/138.jpg,Robin Hood,138
covers/139.jpg,Sleeping Beauty,139-140
covers/141.jpg,Snow White and The Seven Dwarfs,141-142
covers/143.jpg,Stitch! The Movie,143
covers/144.jpg,Tarzan,144-145
covers/146.jpg,Tarzan & Jane,146
covers/147.jpg,The Emporer's New Groove,147-148
covers/149.jpg,The Fox and the Hound,149
covers/150.jpg,The Hunchback of Notre Dame,150
covers/151.jpg,The Jungle Book,151
covers/152.jpg,The Jungle Book 2,152
covers/153.jpg,The Little Mermaid,153
covers/154.jpg,The Little Mermaid II,154
covers/155.jpg,Treasure Planet,155
covers/156.jpg,Ice Age,156-157
covers/158.jpg,Ice Age - The Meltdown,158-159
covers/160.jpg,Madagascar,160
covers/161.jpg,The Madagascar Penguins in A Christmas Caper,161
covers/162.jpg,Open Season,162
covers/163.jpg,Shrek,163
covers/164.jpg,Shrek 2,164
covers/165.jpg,Shrek 3-D,165
covers/166.jpg,Shrek Bonus Disc,166
covers/167.jpg,Shrek 3,167
covers/168.jpg,Shark Tale,168
covers/169.jpg,Speed Racer,169
covers/170.jpg,Speed Racer II,170
covers/171.jpg,Underdog,171
covers/172.jpg,Wallace & Gromit - The Curse of the Were-Rabbit,172
covers/173.jpg,Kung Fu Panda,173
covers/174.jpg,Tinker Bell,174
covers/175.jpg,Bolt,175
covers/176.jpg,Fantastic Mr. Fox,176
covers/177.jpg,Despicable Me,177
covers/180.jpg,A Bug's Life,180-181
covers/182.jpg,Buzz Lightyear of Star Command,182
covers/183.jpg,Cars,183
covers/184.jpg,Finding Nemo,184-185
covers/186.jpg,"Monsters, Inc.",186-187
covers/188.jpg,Ratatouille,188
covers/189.jpg,Pixar Short Films Collections Vol. 1,189
covers/190.jpg,The Incredibles,190-191
covers/192.jpg,Toy Story,192
covers/193.jpg,Toy Story 2,193
covers/194.jpg,Toy Story Supplemental Features,194
covers/195.jpg,Up,195
covers/196.jpg,WALL-E,196
covers/197.jpg,Cars Toon - Mater's Tall Tales,197
covers/198.jpg,Toy Story 3,198
covers/201.jpg,A Boy Named Charlie Brown,201
covers/202.jpg,A Charlie Brown Christmas,202
covers/203.jpg,A Charlie Brown Thanksgiving,203
covers/204.jpg,A Charlie Brown Valentine,204
covers/205.jpg,"Be My Valentine, Charlie Brown",205
covers/206.jpg,"I Want A Dog For Christmas, Charlie Brown",206
covers/207.jpg,"It's the Easter Beagle, Charlie Brown",207
covers/208.jpg,"It's the Great Pumpkin, Charlie Brown",208
covers/209.jpg,"Lucy Must Be Traded, Charlie Brown",209
covers/210.jpg,This is America Charlie Brown,210-211
covers/212.jpg,"You’re A Good Sport, Charlie Brown",212
covers/213.jpg,Charlotte's Web,213
covers/214.jpg,Charlotte's Web 2 Wilbur's Great Adventure,214
covers/215.jpg,Winnie The Pooh's - A Very Merry Pooh Year,215
covers/216.jpg,Winnie The Pooh's - Frankenpooh and Spookable Pooh,216
covers/217.jpg,Winnie The Pooh's - Grand Adventure,217
covers/218.jpg,Winnie The Pooh's - Heffalump Movie,218
covers/219.jpg,Winnie The Pooh's - Heffalump Halloween Movie,219
covers/220.jpg,Winnie The Pooh's - Piglet's Big Movie,220
covers/221.jpg,Winnie The Pooh's - Season of Giving,221
covers/222.jpg,Winnie The Pooh's - Springtime with Roo,222
covers/223.jpg,Winnie The Pooh's - The Tigger Movie,223
covers/224.jpg,Who Framed Roger Rabbit,224-225
covers/226.jpg,Looney Tunes,226-229
covers/230.jpg,Looney Tunes - Spotlight Collections,230-231
covers/232.jpg,Tom & Jerry,232-233
covers/234.jpg,The Polar Express,234-235
covers/236.jpg,Space Jam,236-237
covers/240.jpg,Cinderfella,240
covers/241.jpg,The Bellboy,241
covers/242.jpg,The Delicate Delinquent,242
covers/243.jpg,The Disorderly Orderly,243
covers/244.jpg,The Errand Boy,244
covers/245.jpg,The Family Jewels,245
covers/246.jpg,The Ladies Man,246
covers/247.jpg,The Nutty Professor,247
covers/248.jpg,The Patsy,248
covers/249.jpg,The Stooge,249
covers/250.jpg,Alvin and the Chipmunks,250
covers/252.jpg,An American Girl - Chrissa,252
covers/253.jpg,Back to the Future I,253
covers/254.jpg,Back to the Future II,254
covers/255.jpg,Back to the Future III,255
covers/256.jpg,Back to the Future Bonus Material,256
covers/257.jpg,Fighter Pilot - Operation Red Flag,257-258
covers/259.jpg,Lassie - Best Friends are Forever,259
covers/260.jpg,March of the Penguins,260
covers/261.jpg,My Big Fat Greek Wedding,261
covers/262.jpg,Snow Dogs,262
covers/263.jpg,Steel Magnolias,263
covers/264.jpg,"Superman I, Superman II",264
covers/265.jpg,"Superman III, Superman IV",265
covers/266.jpg,The Bachelor,266
covers/267.jpg,The Muppet Movie,267
covers/268.jpg,The Princess Bride,268
covers/269.jpg,The Princess of Thieves,269
covers/270.jpg,The Pursuit of Happyness,270
covers/271.jpg,The Wizard of Oz,271
covers/280.jpg,Aly & AJ: Into the Rush,280
covers/281.jpg,Chicago,281
covers/282.jpg,Glee - Encore,282
covers/283.jpg,High School Musical,283
covers/284.jpg,High School Musical 2,284-285
covers/286.jpg,High School Musical 3 - Senior Year,286
covers/287.jpg,IZ The Man Behind The Music,287
covers/288.jpg,Learn to Hip Hop Volume 1,288
covers/289.jpg,Paradise Hawaiian Style,289
covers/290.jpg,Schoolhouse Rock!,290-291
covers/292.jpg,Shirley Temple Early Years,292
covers/293.jpg,The Brothers Cazimero 25th Annual May Day Concert 2002,293
covers/294.jpg,The Cheetah Girls,294
covers/295.jpg,The Cheetah Girls 2,295
covers/296.jpg,Rodgers & Hammerstein's The Sound of Music,296
covers/301.jpg,Star Trek - The Next Generation - Guide & Script Library,301
covers/302.jpg,Star Trek - The Next Generation - Season 1,302-308
covers/309.jpg,Star Trek - The Next Generation - Season 2,309-314
covers/315.jpg,Star Trek - The Next Generation - Season 3,315-321
covers/322.jpg,Star Trek - The Next Generation - Season 4,322-328
covers/329.jpg,Star Trek - The Next Generation - Season 5,329-335
covers/336.jpg,Star Trek - The Next Generation - Season 6,336-342
covers/343.jpg,Star Trek - The Next Generation - Season 7,343-349
covers/350.jpg,Star Trek - First Contact,350
covers/351.jpg,Star Trek - Generations,351
covers/352.jpg,Star Trek - Insurrection,352
covers/353.jpg,Star Trek - Nemesis,353-354
covers/355.jpg,Star Trek - The Final Frontier,355
covers/356.jpg,Star Trek - The Motion Picture,356-357
covers/358.jpg,Star Trek - The Search for Spock,358-359
covers/360.jpg,Star Trek - The Undiscovered Country,360
covers/361.jpg,Star Trek - The Voyage Home,361
covers/362.jpg,Star Trek - The Wrath of Khan,362-363
covers/364.jpg,Star Trek - The Movie,364
covers/365.jpg,Star Wars - The Phantom Menace,365-366
covers/367.jpg,Star Wars - Attack of the Clones,367-368
covers/369.jpg,Star Wars - Revenge of the Sith,369-370
covers/371.jpg,Star Wars - A New Hope,371
covers/372.jpg,Star Wars - The Empire Strikes Back,372
covers/373.jpg,Star Wars - Return of the Jedi,373
covers/374.jpg,Star Wars - Bonus Material,374
covers/375.jpg,Star Wars - The Clone Wars,375
covers/376.jpg,Family Guy - It's A Trap!,376
covers/380.jpg,Aladdin,380
covers/381.jpg,Beauty and the Beast,381
covers/382.jpg,The Lion King,382
covers/383.jpg,Mulan,383
covers/384.jpg,Pocahontas,384
covers/385.jpg,Return to Pride Rock,385
covers/386.jpg,Boomerang,386
covers/387.jpg,Chicago,387
covers/388.jpg,Grease,388
covers/389.jpg,Jersey Boys,389
covers/390.jpg,Movin' Out,390
covers/391.jpg,Notting Hill,391
covers/392.jpg,Saturday Night Fever,392
covers/393.jpg,Sleepless in Seattle,393
covers/394.jpg,Tarzan,394
covers/395.jpg,The Bodyguard,395
covers/396.jpg,The Phantom of the Opera - Vol. 1,396
covers/397.jpg,The Phantom of the Opera - Vol. 2,397
covers/398.jpg,The Premiere Collection,398
covers/399.jpg,The Sound of Music,399
covers/400.jpg,The Star Wars Trilogy,400
